INSERT INTO teams(name)
VALUES ('team1'),
       ('team2'),
       ('team3'),
       ('team4'),
       ('team5'),
       ('team6'),
       ('team7'),
       ('team8'),
       ('team9');

INSERT INTO users(id, name, is_active, team_id)
VALUES ('u1', 'Egor', true, 1),
       ('u2', 'Oleg', true, 1),
       ('u3', 'Misha', false, 1),
       ('u4', 'Nikita', false, 2),
       ('u5', 'Andrew', true, 2),
       ('u6', 'Alex', true, 3),
       ('u7', 'Petr', true, 3),
       ('u8', 'NeOleg', true, 3),
       ('u9', 'NePetr', true, 3),
       ('u10', 'NeMisha', true, 4),
       ('u11', 'NeNikita', false, 4),
       ('u12', 'NeAndrew', false, 4),
       ('u13', 'Kot', false, 5),
       ('u14', 'Kit', true, 5),
       ('u15', 'Ulfrick', true, 5),
       ('u16', 'Prometheus', false, 5),
       ('u17', 'Zeus', false, 6),
       ('u18', 'Rocky', true, 6),
       ('u19', 'NeRocky', true, 7),
       ('u20', 'William', false, 7),
       ('u21', 'NeWilliam', true, 8),
       ('u22', 'Will', false, 8),
       ('u23', 'Saver', true, 8),
       ('u24', 'Saber', false, 9),
       ('u25', 'Kirk', false, 9),
       ('u26', 'John', true, 9),
       ('u27', 'Rodrick', true, 9);

INSERT INTO pull_requests(id, title, status, author_id)
VALUES ('pr-1001', 'Add search', 'OPEN', 'u1'),
       ('pr-1002', 'Remove search', 'OPEN', 'u2'),
       ('pr-1003', 'Add shop', 'OPEN', 'u3'),
       ('pr-1004', 'Modify database', 'OPEN', 'u4'),
       ('pr-1005', 'Develop AI', 'OPEN', 'u5'),
       ('pr-1006', 'Remove test files', 'OPEN', 'u6'),
       ('pr-1007', 'Build a robot', 'OPEN', 'u7'),
       ('pr-1008', 'Write tests', 'OPEN', 'u7'),
       ('pr-1009', 'Make tea', 'OPEN', 'u8'),
       ('pr-1010', 'Build a house', 'OPEN', 'u8'),
       ('pr-1011', 'Code a microservice', 'OPEN', 'u8'),
       ('pr-1012', 'Do something useful', 'OPEN', 'u9'),
       ('pr-1013', 'Do another PR', 'OPEN', 'u24');

INSERT INTO pull_request_reviewers(pull_request_id, reviewer_id)
VALUES ('pr-1001', 'u2'),
       ('pr-1001', 'u3'),
       ('pr-1002', 'u1'),
       ('pr-1002', 'u3'),
       ('pr-1003', 'u1'),
       ('pr-1003', 'u2'),
       ('pr-1004', 'u5'),
       ('pr-1005', 'u4'),
       ('pr-1006', 'u7'),
       ('pr-1006', 'u9'),
       ('pr-1007', 'u6'),
       ('pr-1007', 'u8'),
       ('pr-1008', 'u8'),
       ('pr-1008', 'u9'),
       ('pr-1009', 'u7'),
       ('pr-1009', 'u9'),
       ('pr-1010', 'u6'),
       ('pr-1010', 'u9'),
       ('pr-1011', 'u7'),
       ('pr-1011', 'u6'),
       ('pr-1012', 'u7'),
       ('pr-1012', 'u8'),
       ('pr-1013', 'u25');